item_id,arrival_time_hr,completion_time_hr,cycle_time_min,steps_completed,path,replication,scenario,scenario_key,config
150,1.114741481038589,1.4323044799766178,19.05377993628173,6,Document Upload > OCR Extraction > Liveness Check > Compliance Screen > Manual Review > Decision & Notify,0,Fintech KYC Verification Pipeline,kyc,Current State
153,1.129575900185617,1.453989787902494,19.46483326301262,6,Document Upload > OCR Extraction > Liveness Check > Compliance Screen > Manual Review > Decision & Notify,0,Fintech KYC Verification Pipeline,kyc,Current State
151,1.118709993255704,1.4590961311456903,20.42316827339917,6,Document Upload > OCR Extraction > Liveness Check > Compliance Screen > Manual Review > Decision & Notify,0,Fintech KYC Verification Pipeline,kyc,Current State
154,1.1295764937369317,1.4869973643428527,21.44525223635526,6,Document Upload > OCR Extraction > Liveness Check > Compliance Screen > Manual Review > Decision & Notify,0,Fintech KYC Verification Pipeline,kyc,Current State
152,1.1285816118319867,1.4909369113973234,21.741317973920204,6,Document Upload > OCR Extraction > Liveness Check > Compliance Screen > Manual Review > Decision & Notify,0,Fintech KYC Verification Pipeline,kyc,Current State
156,1.1509996844510042,1.4913966255724413,20.42381646728623,6,Document Upload > OCR Extraction > Liveness Check > Compliance Screen > Manual Review > Decision & Notify,0,Fintech KYC Verification Pipeline,kyc,Current State
155,1.1441383496856854,1.4915677453780327,20.84576374154084,6,Document Upload > OCR Extraction > Liveness Check > Compliance Screen > Manual Review > Decision & Notify,0,Fintech KYC Verification Pipeline,kyc,Current State
160,1.1856038090282557,1.5077776234948996,19.330428867998638,6,Document Upload > OCR Extraction > Liveness Check > Compliance Screen > Manual Review > Decision & Notify,0,Fintech KYC Verification Pipeline,kyc,Current State
159,1.164922345527474,1.5085007301143885,20.61470307521487,6,Document Upload > OCR Extraction > Liveness Check > Compliance Screen > Manual Review > Decision & Notify,0,Fintech KYC Verification Pipeline,kyc,Current State
158,1.1540939499509484,1.5247839791146964,22.24140174982488,6,Document Upload > OCR Extraction > Liveness Check > Compliance Screen > Manual Review > Decision & Notify,0,Fintech KYC Verification Pipeline,kyc,Current State
162,1.1920814014129235,1.535067155038288,20.579145217521866,6,Document Upload > OCR Extraction > Liveness Check > Compliance Screen > Manual Review > Decision & Notify,0,Fintech KYC Verification Pipeline,kyc,Current State
157,1.1510748032948594,1.540641513872157,23.37400263463785,6,Document Upload > OCR Extraction > Liveness Check > Compliance Screen > Manual Review > Decision & Notify,0,Fintech KYC Verification Pipeline,kyc,Current State
163,1.1926371605676562,1.541882516085567,20.95472133107464,6,Document Upload > OCR Extraction > Liveness Check > Compliance Screen > Manual Review > Decision & Notify,0,Fintech KYC Verification Pipeline,kyc,Current State
161,1.1856401388776303,1.5466045402362267,21.657864081515786,6,Document Upload > OCR Extraction > Liveness Check > Compliance Screen > Manual Review > Decision & Notify,0,Fintech KYC Verification Pipeline,kyc,Current State
165,1.1966897600090511,1.5505833272524576,21.23361403460439,6,Document Upload > OCR Extraction > Liveness Check > Compliance Screen > Manual Review > Decision & Notify,0,Fintech KYC Verification Pipeline,kyc,Current State
164,1.1952178936964972,1.5549657674138484,21.58487242304107,6,Document Upload > OCR Extraction > Liveness Check > Compliance Screen > Manual Review > Decision & Notify,0,Fintech KYC Verification Pipeline,kyc,Current State
168,1.2222786948173479,1.5646400706443362,20.5416825496193,6,Document Upload > OCR Extraction > Liveness Check > Compliance Screen > Manual Review > Decision & Notify,0,Fintech KYC Verification Pipeline,kyc,Current State
167,1.2089333598354488,1.5790914172239514,22.209483443310155,6,Document Upload > OCR Extraction > Liveness Check > Compliance Screen > Manual Review > Decision & Notify,0,Fintech KYC Verification Pipeline,kyc,Current State
166,1.1981781368920157,1.5836303108163081,23.127130435457545,6,Document Upload > OCR Extraction > Liveness Check > Compliance Screen > Manual Review > Decision & Notify,0,Fintech KYC Verification Pipeline,kyc,Current State
172,1.277852447388142,1.6023677923513353,19.470920697791595,6,Document Upload > OCR Extraction > Liveness Check > Compliance Screen > Manual Review > Decision & Notify,0,Fintech KYC Verification Pipeline,kyc,Current State
171,1.2672200679798327,1.6095301814947112,20.53860681089271,6,Document Upload > OCR Extraction > Liveness Check > Compliance Screen > Manual Review > Decision & Notify,0,Fintech KYC Verification Pipeline,kyc,Current State
170,1.2457625532683982,1.6230437792937455,22.636873561520837,6,Document Upload > OCR Extraction > Liveness Check > Compliance Screen > Manual Review > Decision & Notify,0,Fintech KYC Verification Pipeline,kyc,Current State
169,1.2356919758639107,1.6292705011298592,23.61471151595691,6,Document Upload > OCR Extraction > Liveness Check > Compliance Screen > Manual Review > Decision & Notify,0,Fintech KYC Verification Pipeline,kyc,Current State
173,1.290665395092973,1.6313441039986816,20.440722534342516,6,Document Upload > OCR Extraction > Liveness Check > Compliance Screen > Manual Review > Decision & Notify,0,Fintech KYC Verification Pipeline,kyc,Current State
177,1.3238196643920173,1.6485339568556032,19.482857547815158,6,Document Upload > OCR Extraction > Liveness Check > Compliance Screen > Manual Review > Decision & Notify,0,Fintech KYC Verification Pipeline,kyc,Current State
175,1.3010988322055468,1.6534142540095533,21.138925308240392,6,Document Upload > OCR Extraction > Liveness Check > Compliance Screen > Manual Review > Decision & Notify,0,Fintech KYC Verification Pipeline,kyc,Current State
176,1.3216128327634944,1.6603084241094732,20.32173548075873,6,Document Upload > OCR Extraction > Liveness Check > Compliance Screen > Manual Review > Decision & Notify,0,Fintech KYC Verification Pipeline,kyc,Current State
178,1.3251305713194563,1.6673279812136306,20.531844593650455,6,Document Upload > OCR Extraction > Liveness Check > Compliance Screen > Manual Review > Decision & Notify,0,Fintech KYC Verification Pipeline,kyc,Current State
179,1.3296951740014729,1.688474258095002,21.526745045611754,6,Document Upload > OCR Extraction > Liveness Check > Compliance Screen > Manual Review > Decision & Notify,0,Fintech KYC Verification Pipeline,kyc,Current State
181,1.3589039006020538,1.693432856570563,20.07173735811055,6,Document Upload > OCR Extraction > Liveness Check > Compliance Screen > Manual Review > Decision & Notify,0,Fintech KYC Verification Pipeline,kyc,Current State
183,1.378665790353582,1.7173105000986846,20.31868258470616,6,Document Upload > OCR Extraction > Liveness Check > Compliance Screen > Manual Review > Decision & Notify,0,Fintech KYC Verification Pipeline,kyc,Current State
180,1.3363870137355809,1.7177236047715418,22.88019546215766,6,Document Upload > OCR Extraction > Liveness Check > Compliance Screen > Manual Review > Decision & Notify,0,Fintech KYC Verification Pipeline,kyc,Current State
182,1.3765634954013732,1.7231797277297887,20.796973939704927,6,Document Upload > OCR Extraction > Liveness Check > Compliance Screen > Manual Review > Decision & Notify,0,Fintech KYC Verification Pipeline,kyc,Current State
185,1.4014543992712913,1.7309133286379454,19.767535761999248,6,Document Upload > OCR Extraction > Liveness Check > Compliance Screen > Manual Review > Decision & Notify,0,Fintech KYC Verification Pipeline,kyc,Current State
174,1.2966609754629574,1.7360602425986325,26.3639560281405,6,Document Upload > OCR Extraction > Liveness Check > Compliance Screen > Manual Review > Decision & Notify,0,Fintech KYC Verification Pipeline,kyc,Current State
184,1.3925390947484284,1.754967092374626,21.74567985757185,6,Document Upload > OCR Extraction > Liveness Check > Compliance Screen > Manual Review > Decision & Notify,0,Fintech KYC Verification Pipeline,kyc,Current State
186,1.4240455014447249,1.756443637935826,19.943888189466065,6,Document Upload > OCR Extraction > Liveness Check > Compliance Screen > Manual Review > Decision & Notify,0,Fintech KYC Verification Pipeline,kyc,Current State
187,1.4315933265934941,1.75665298953069,19.503579776231746,6,Document Upload > OCR Extraction > Liveness Check > Compliance Screen > Manual Review > Decision & Notify,0,Fintech KYC Verification Pipeline,kyc,Current State
190,1.4439455075012493,1.7612473363160785,19.038109728889758,6,Document Upload > OCR Extraction > Liveness Check > Compliance Screen > Manual Review > Decision & Notify,0,Fintech KYC Verification Pipeline,kyc,Current State
188,1.4339908738471092,1.7673658700905432,20.002499774606044,6,Document Upload > OCR Extraction > Liveness Check > Compliance Screen > Manual Review > Decision & Notify,0,Fintech KYC Verification Pipeline,kyc,Current State
189,1.443228906032075,1.770456712264826,19.633668373965058,6,Document Upload > OCR Extraction > Liveness Check > Compliance Screen > Manual Review > Decision & Notify,0,Fintech KYC Verification Pipeline,kyc,Current State
193,1.4651037602100827,1.785187904527445,19.20504865904174,6,Document Upload > OCR Extraction > Liveness Check > Compliance Screen > Manual Review > Decision & Notify,0,Fintech KYC Verification Pipeline,kyc,Current State
191,1.4452478090165284,1.7916240429859007,20.78257403816234,6,Document Upload > OCR Extraction > Liveness Check > Compliance Screen > Manual Review > Decision & Notify,0,Fintech KYC Verification Pipeline,kyc,Current State
192,1.4458427542481331,1.8031127263092313,21.436198323665888,6,Document Upload > OCR Extraction > Liveness Check > Compliance Screen > Manual Review > Decision & Notify,0,Fintech KYC Verification Pipeline,kyc,Current State
196,1.503280888964379,1.8174706944042496,18.85138832639224,6,Document Upload > OCR Extraction > Liveness Check > Compliance Screen > Manual Review > Decision & Notify,0,Fintech KYC Verification Pipeline,kyc,Current State
197,1.506642150497369,1.8223886415442554,18.94478946281318,6,Document Upload > OCR Extraction > Liveness Check > Compliance Screen > Manual Review > Decision & Notify,0,Fintech KYC Verification Pipeline,kyc,Current State
194,1.494290736105684,1.8268750191416412,19.955056982157426,6,Document Upload > OCR Extraction > Liveness Check > Compliance Screen > Manual Review > Decision & Notify,0,Fintech KYC Verification Pipeline,kyc,Current State
195,1.501349709630056,1.8324208699177524,19.86426961726178,6,Document Upload > OCR Extraction > Liveness Check > Compliance Screen > Manual Review > Decision & Notify,0,Fintech KYC Verification Pipeline,kyc,Current State
199,1.524068743110993,1.8527529880659022,19.721054697294555,6,Document Upload > OCR Extraction > Liveness Check > Compliance Screen > Manual Review > Decision & Notify,0,Fintech KYC Verification Pipeline,kyc,Current State
198,1.5171803370963801,1.855350192768369,20.29019134031934,6,Document Upload > OCR Extraction > Liveness Check > Compliance Screen > Manual Review > Decision & Notify,0,Fintech KYC Verification Pipeline,kyc,Current State
201,1.5363608163380882,1.8608495294524912,19.46932278686418,6,Document Upload > OCR Extraction > Liveness Check > Compliance Screen > Manual Review > Decision & Notify,0,Fintech KYC Verification Pipeline,kyc,Current State
203,1.5475666492796383,1.8641822244182644,18.99693450831757,6,Document Upload > OCR Extraction > Liveness Check > Compliance Screen > Manual Review > Decision & Notify,0,Fintech KYC Verification Pipeline,kyc,Current State
204,1.5557040410359262,1.875245285667638,19.172474677902713,6,Document Upload > OCR Extraction > Liveness Check > Compliance Screen > Manual Review > Decision & Notify,0,Fintech KYC Verification Pipeline,kyc,Current State
202,1.5457227943041176,1.883498107203044,20.266518773935577,6,Document Upload > OCR Extraction > Liveness Check > Compliance Screen > Manual Review > Decision & Notify,0,Fintech KYC Verification Pipeline,kyc,Current State
205,1.5582784223427206,1.8907347261330465,19.947378227419552,6,Document Upload > OCR Extraction > Liveness Check > Compliance Screen > Manual Review > Decision & Notify,0,Fintech KYC Verification Pipeline,kyc,Current State
200,1.5259745720787916,1.8946897375875578,22.12290993052597,6,Document Upload > OCR Extraction > Liveness Check > Compliance Screen > Manual Review > Decision & Notify,0,Fintech KYC Verification Pipeline,kyc,Current State
207,1.5632591705030194,1.9180026902132383,21.284611182613133,6,Document Upload > OCR Extraction > Liveness Check > Compliance Screen > Manual Review > Decision & Notify,0,Fintech KYC Verification Pipeline,kyc,Current State
209,1.5675374348799158,1.9243803682729141,21.410576003579898,6,Document Upload > OCR Extraction > Liveness Check > Compliance Screen > Manual Review > Decision & Notify,0,Fintech KYC Verification Pipeline,kyc,Current State
211,1.5974419636261186,1.9346126807254924,20.23024302596243,6,Document Upload > OCR Extraction > Liveness Check > Compliance Screen > Manual Review > Decision & Notify,0,Fintech KYC Verification Pipeline,kyc,Current State
208,1.564431429232897,1.9353632391599516,22.25590859562328,6,Document Upload > OCR Extraction > Liveness Check > Compliance Screen > Manual Review > Decision & Notify,0,Fintech KYC Verification Pipeline,kyc,Current State
206,1.559196191053585,1.943584520758538,23.063299782297186,6,Document Upload > OCR Extraction > Liveness Check > Compliance Screen > Manual Review > Decision & Notify,0,Fintech KYC Verification Pipeline,kyc,Current State
212,1.6012896437351152,1.9503148756374897,20.941513914142472,6,Document Upload > OCR Extraction > Liveness Check > Compliance Screen > Manual Review > Decision & Notify,0,Fintech KYC Verification Pipeline,kyc,Current State
210,1.569699269219036,1.962343182454959,23.55863479415539,6,Document Upload > OCR Extraction > Liveness Check > Compliance Screen > Manual Review > Decision & Notify,0,Fintech KYC Verification Pipeline,kyc,Current State
214,1.6301902070662837,1.974172434788017,20.638933663303995,6,Document Upload > OCR Extraction > Liveness Check > Compliance Screen > Manual Review > Decision & Notify,0,Fintech KYC Verification Pipeline,kyc,Current State
213,1.6045999463130778,1.9768210350236117,22.333265322632037,6,Document Upload > OCR Extraction > Liveness Check > Compliance Screen > Manual Review > Decision & Notify,0,Fintech KYC Verification Pipeline,kyc,Current State
215,1.6506084878998988,1.980390573496853,19.786925135817253,6,Document Upload > OCR Extraction > Liveness Check > Compliance Screen > Manual Review > Decision & Notify,0,Fintech KYC Verification Pipeline,kyc,Current State
216,1.6562663595840104,1.9983781411035852,20.52670689117449,6,Document Upload > OCR Extraction > Liveness Check > Compliance Screen > Manual Review > Decision & Notify,0,Fintech KYC Verification Pipeline,kyc,Current State
217,1.6693528109212754,2.0020516665523593,19.961931337865035,6,Document Upload > OCR Extraction > Liveness Check > Compliance Screen > Manual Review > Decision & Notify,0,Fintech KYC Verification Pipeline,kyc,Current State
220,1.7309809066946622,2.0107842634626163,16.788201406077246,6,Document Upload > OCR Extraction > Liveness Check > Compliance Screen > Manual Review > Decision & Notify,0,Fintech KYC Verification Pipeline,kyc,Current State
221,1.7552269549383872,2.0201655064662822,15.8963130916737,6,Document Upload > OCR Extraction > Liveness Check > Compliance Screen > Manual Review > Decision & Notify,0,Fintech KYC Verification Pipeline,kyc,Current State
218,1.7212136498331763,2.0245310785504156,18.19904572303436,6,Document Upload > OCR Extraction > Liveness Check > Compliance Screen > Manual Review > Decision & Notify,0,Fintech KYC Verification Pipeline,kyc,Current State
222,1.7692168811323727,2.0383766566291444,16.149586529806296,6,Document Upload > OCR Extraction > Liveness Check > Compliance Screen > Manual Review > Decision & Notify,0,Fintech KYC Verification Pipeline,kyc,Current State
224,1.7780401957562264,2.0457571192471975,16.063015409458266,6,Document Upload > OCR Extraction > Liveness Check > Compliance Screen > Manual Review > Decision & Notify,0,Fintech KYC Verification Pipeline,kyc,Current State
219,1.7307198607738745,2.048564249644217,19.070663332220555,6,Document Upload > OCR Extraction > Liveness Check > Compliance Screen > Manual Review > Decision & Notify,0,Fintech KYC Verification Pipeline,kyc,Current State
223,1.7715601185619378,2.0569137925877703,17.121220441549948,6,Document Upload > OCR Extraction > Liveness Check > Compliance Screen > Manual Review > Decision & Notify,0,Fintech KYC Verification Pipeline,kyc,Current State
226,1.7860145612852667,2.065633535625766,16.77713846042996,6,Document Upload > OCR Extraction > Liveness Check > Compliance Screen > Manual Review > Decision & Notify,0,Fintech KYC Verification Pipeline,kyc,Current State
225,1.7841665718172321,2.076813865526384,17.558837622549106,6,Document Upload > OCR Extraction > Liveness Check > Compliance Screen > Manual Review > Decision & Notify,0,Fintech KYC Verification Pipeline,kyc,Current State
229,1.8324251662073656,2.083047020220285,15.037311240775168,6,Document Upload > OCR Extraction > Liveness Check > Compliance Screen > Manual Review > Decision & Notify,0,Fintech KYC Verification Pipeline,kyc,Current State
228,1.8032900796270508,2.0869978604788817,17.022466851109854,6,Document Upload > OCR Extraction > Liveness Check > Compliance Screen > Manual Review > Decision & Notify,0,Fintech KYC Verification Pipeline,kyc,Current State
227,1.7928303208882634,2.0907319787536784,17.8740994719249,6,Document Upload > OCR Extraction > Liveness Check > Compliance Screen > Manual Review > Decision & Notify,0,Fintech KYC Verification Pipeline,kyc,Current State
232,1.854486371016307,2.105713290195709,15.073615150764113,6,Document Upload > OCR Extraction > Liveness Check > Compliance Screen > Manual Review > Decision & Notify,0,Fintech KYC Verification Pipeline,kyc,Current State
231,1.8491389430490281,2.1131575587815608,15.841116943951956,6,Document Upload > OCR Extraction > Liveness Check > Compliance Screen > Manual Review > Decision & Notify,0,Fintech KYC Verification Pipeline,kyc,Current State
230,1.8400632007800275,2.118843138108482,16.72679623970727,6,Document Upload > OCR Extraction > Liveness Check > Compliance Screen > Manual Review > Decision & Notify,0,Fintech KYC Verification Pipeline,kyc,Current State
234,1.8655891522700534,2.1323845899856804,16.007726262937616,6,Document Upload > OCR Extraction > Liveness Check > Compliance Screen > Manual Review > Decision & Notify,0,Fintech KYC Verification Pipeline,kyc,Current State
235,1.8804530925328211,2.148362868285274,16.074586545147174,6,Document Upload > OCR Extraction > Liveness Check > Compliance Screen > Manual Review > Decision & Notify,0,Fintech KYC Verification Pipeline,kyc,Current State
237,1.8866616890709555,2.150506291629655,15.830676153521974,6,Document Upload > OCR Extraction > Liveness Check > Compliance Screen > Manual Review > Decision & Notify,0,Fintech KYC Verification Pipeline,kyc,Current State
236,1.884624358688577,2.1597873168130994,16.50977748747135,6,Document Upload > OCR Extraction > Liveness Check > Compliance Screen > Manual Review > Decision & Notify,0,Fintech KYC Verification Pipeline,kyc,Current State
238,1.9041533884205597,2.164459473701068,15.618365116830502,6,Document Upload > OCR Extraction > Liveness Check > Compliance Screen > Manual Review > Decision & Notify,0,Fintech KYC Verification Pipeline,kyc,Current State
241,1.9240410403837107,2.1880055211162746,15.837868843953832,6,Document Upload > OCR Extraction > Liveness Check > Compliance Screen > Manual Review > Decision & Notify,0,Fintech KYC Verification Pipeline,kyc,Current State
239,1.9170657313058905,2.191348246197968,16.456950893524642,6,Document Upload > OCR Extraction > Liveness Check > Compliance Screen > Manual Review > Decision & Notify,0,Fintech KYC Verification Pipeline,kyc,Current State
240,1.9202319184809429,2.1943740883717204,16.448530193446654,6,Document Upload > OCR Extraction > Liveness Check > Compliance Screen > Manual Review > Decision & Notify,0,Fintech KYC Verification Pipeline,kyc,Current State
242,1.9339959246140193,2.2102231571766437,16.57363395375747,6,Document Upload > OCR Extraction > Liveness Check > Compliance Screen > Manual Review > Decision & Notify,0,Fintech KYC Verification Pipeline,kyc,Current State
233,1.8630860646595555,2.2149323452738576,21.11077683685813,6,Document Upload > OCR Extraction > Liveness Check > Compliance Screen > Manual Review > Decision & Notify,0,Fintech KYC Verification Pipeline,kyc,Current State
244,1.9517818214779972,2.2378311660586423,17.162960674838708,6,Document Upload > OCR Extraction > Liveness Check > Compliance Screen > Manual Review > Decision & Notify,0,Fintech KYC Verification Pipeline,kyc,Current State
245,1.951949578384921,2.241914447586118,17.397892152071815,6,Document Upload > OCR Extraction > Liveness Check > Compliance Screen > Manual Review > Decision & Notify,0,Fintech KYC Verification Pipeline,kyc,Current State
246,1.9568584443933508,2.2568977589677948,18.00235887446664,6,Document Upload > OCR Extraction > Liveness Check > Compliance Screen > Manual Review > Decision & Notify,0,Fintech KYC Verification Pipeline,kyc,Current State
243,1.9401861723189031,2.261270449720106,19.26505664407218,6,Document Upload > OCR Extraction > Liveness Check > Compliance Screen > Manual Review > Decision & Notify,0,Fintech KYC Verification Pipeline,kyc,Current State
248,1.965622231601832,2.269555577593819,18.236000759519225,6,Document Upload > OCR Extraction > Liveness Check > Compliance Screen > Manual Review > Decision & Notify,0,Fintech KYC Verification Pipeline,kyc,Current State
247,1.9635096192419788,2.2723670940152703,18.53144848639749,6,Document Upload > OCR Extraction > Liveness Check > Compliance Screen > Manual Review > Decision & Notify,0,Fintech KYC Verification Pipeline,kyc,Current State
249,1.993731871662448,2.277338005475337,17.016368028773343,6,Document Upload > OCR Extraction > Liveness Check > Compliance Screen > Manual Review > Decision & Notify,0,Fintech KYC Verification Pipeline,kyc,Current State
150,1.2740349730439138,1.40106772359627,7.621965033141378,6,Document Upload > OCR Extraction > Liveness Check > Compliance Screen > Manual Review > Decision & Notify,0,Fintech KYC Verification Pipeline,kyc,ML Triage
151,1.2764940765394994,1.413465190372292,8.218266829967549,5,Document Upload > OCR Extraction > Liveness Check > Compliance Screen > Decision & Notify,0,Fintech KYC Verification Pipeline,kyc,ML Triage
152,1.2784158388033675,1.4136436739417733,8.113670108304344,5,Document Upload > OCR Extraction > Liveness Check > Compliance Screen > Decision & Notify,0,Fintech KYC Verification Pipeline,kyc,ML Triage
153,1.2809047833517957,1.419421975730358,8.311031542713746,5,Document Upload > OCR Extraction > Liveness Check > Compliance Screen > Decision & Notify,0,Fintech KYC Verification Pipeline,kyc,ML Triage
157,1.3147928810760914,1.4413027909099096,7.590594590029096,5,Document Upload > OCR Extraction > Liveness Check > Compliance Screen > Decision & Notify,0,Fintech KYC Verification Pipeline,kyc,ML Triage
155,1.3035687175067556,1.4459799819559296,8.544675866950438,6,Document Upload > OCR Extraction > Liveness Check > Compliance Screen > Manual Review > Decision & Notify,0,Fintech KYC Verification Pipeline,kyc,ML Triage
154,1.2890401902190323,1.4490554995196094,9.60091855803463,6,Document Upload > OCR Extraction > Liveness Check > Compliance Screen > Manual Review > Decision & Notify,0,Fintech KYC Verification Pipeline,kyc,ML Triage
158,1.335306881634039,1.4698677120153818,8.073649822880569,5,Document Upload > OCR Extraction > Liveness Check > Compliance Screen > Decision & Notify,0,Fintech KYC Verification Pipeline,kyc,ML Triage
159,1.347017976809803,1.4749804060067655,7.677745751817753,5,Document Upload > OCR Extraction > Liveness Check > Compliance Screen > Decision & Notify,0,Fintech KYC Verification Pipeline,kyc,ML Triage
161,1.3549237357834694,1.4757035126262543,7.2467866105670975,5,Document Upload > OCR Extraction > Liveness Check > Compliance Screen > Decision & Notify,0,Fintech KYC Verification Pipeline,kyc,ML Triage
156,1.3081868743275271,1.4878952734581083,10.782503947834874,6,Document Upload > OCR Extraction > Liveness Check > Compliance Screen > Manual Review > Decision & Notify,0,Fintech KYC Verification Pipeline,kyc,ML Triage
163,1.3652221275378662,1.4885014375475487,7.3967586005809505,5,Document Upload > OCR Extraction > Liveness Check > Compliance Screen > Decision & Notify,0,Fintech KYC Verification Pipeline,kyc,ML Triage
166,1.3735841459588616,1.4931728202267494,7.175320456073266,5,Document Upload > OCR Extraction > Liveness Check > Compliance Screen > Decision & Notify,0,Fintech KYC Verification Pipeline,kyc,ML Triage
162,1.3574725058807724,1.4953363732975047,8.271832045003936,6,Document Upload > OCR Extraction > Liveness Check > Compliance Screen > Manual Review > Decision & Notify,0,Fintech KYC Verification Pipeline,kyc,ML Triage
167,1.3831881963630053,1.5109129200846447,7.663483423298367,6,Document Upload > OCR Extraction > Liveness Check > Compliance Screen > Manual Review > Decision & Notify,0,Fintech KYC Verification Pipeline,kyc,ML Triage
160,1.3539934576029247,1.5147322989240517,9.644330479267623,6,Document Upload > OCR Extraction > Liveness Check > Compliance Screen > Manual Review > Decision & Notify,0,Fintech KYC Verification Pipeline,kyc,ML Triage
170,1.4062470326970282,1.5203227899782852,6.844545436875418,5,Document Upload > OCR Extraction > Liveness Check > Compliance Screen > Decision & Notify,0,Fintech KYC Verification Pipeline,kyc,ML Triage
168,1.3921035008858682,1.5216812071076178,7.774662373304975,6,Document Upload > OCR Extraction > Liveness Check > Compliance Screen > Manual Review > Decision & Notify,0,Fintech KYC Verification Pipeline,kyc,ML Triage
164,1.366742710768959,1.524457229047651,9.462871096721525,6,Document Upload > OCR Extraction > Liveness Check > Compliance Screen > Manual Review > Decision & Notify,0,Fintech KYC Verification Pipeline,kyc,ML Triage
174,1.440983281902608,1.5265422169867329,5.133536105047489,5,Document Upload > OCR Extraction > Liveness Check > Compliance Screen > Decision & Notify,0,Fintech KYC Verification Pipeline,kyc,ML Triage
165,1.3688450057211676,1.5405199229592441,10.30049503428459,6,Document Upload > OCR Extraction > Liveness Check > Compliance Screen > Manual Review > Decision & Notify,0,Fintech KYC Verification Pipeline,kyc,ML Triage
169,1.398699207548259,1.5488895755727488,9.011422081469389,6,Document Upload > OCR Extraction > Liveness Check > Compliance Screen > Manual Review > Decision & Notify,0,Fintech KYC Verification Pipeline,kyc,ML Triage
172,1.4358943386860608,1.5558801811839782,7.199150549875046,6,Document Upload > OCR Extraction > Liveness Check > Compliance Screen > Manual Review > Decision & Notify,0,Fintech KYC Verification Pipeline,kyc,ML Triage
173,1.4363057873708285,1.5574065445387775,7.2660454300769395,6,Document Upload > OCR Extraction > Liveness Check > Compliance Screen > Manual Review > Decision & Notify,0,Fintech KYC Verification Pipeline,kyc,ML Triage
178,1.475766832336531,1.5622128460265576,5.186760821401601,5,Document Upload > OCR Extraction > Liveness Check > Compliance Screen > Decision & Notify,0,Fintech KYC Verification Pipeline,kyc,ML Triage
171,1.4092876271766834,1.5676104108607882,9.499367021046288,6,Document Upload > OCR Extraction > Liveness Check > Compliance Screen > Manual Review > Decision & Notify,0,Fintech KYC Verification Pipeline,kyc,ML Triage
175,1.4484637313012316,1.5713643786878746,7.374038843198578,6,Document Upload > OCR Extraction > Liveness Check > Compliance Screen > Manual Review > Decision & Notify,0,Fintech KYC Verification Pipeline,kyc,ML Triage
181,1.4916136728603149,1.5741245364022238,4.950651812514537,5,Document Upload > OCR Extraction > Liveness Check > Compliance Screen > Decision & Notify,0,Fintech KYC Verification Pipeline,kyc,ML Triage
177,1.4727443973368717,1.575985346564742,6.194456953672218,6,Document Upload > OCR Extraction > Liveness Check > Compliance Screen > Manual Review > Decision & Notify,0,Fintech KYC Verification Pipeline,kyc,ML Triage
184,1.5284657435890596,1.589033440681978,3.634061825575099,5,Document Upload > OCR Extraction > Liveness Check > Compliance Screen > Decision & Notify,0,Fintech KYC Verification Pipeline,kyc,ML Triage
185,1.5562084379961423,1.590305846457969,2.0458445077095977,5,Document Upload > OCR Extraction > Liveness Check > Compliance Screen > Decision & Notify,0,Fintech KYC Verification Pipeline,kyc,ML Triage
180,1.4885691044209013,1.597340532738843,6.526285699076504,6,Document Upload > OCR Extraction > Liveness Check > Compliance Screen > Manual Review > Decision & Notify,0,Fintech KYC Verification Pipeline,kyc,ML Triage
179,1.4866632754531026,1.6032447272465613,6.994887107607521,6,Document Upload > OCR Extraction > Liveness Check > Compliance Screen > Manual Review > Decision & Notify,0,Fintech KYC Verification Pipeline,kyc,ML Triage
187,1.5708368075602968,1.6066706339700632,2.150029584585984,5,Document Upload > OCR Extraction > Liveness Check > Compliance Screen > Decision & Notify,0,Fintech KYC Verification Pipeline,kyc,ML Triage
176,1.4583745980947687,1.6076145639713744,8.954397952596342,6,Document Upload > OCR Extraction > Liveness Check > Compliance Screen > Manual Review > Decision & Notify,0,Fintech KYC Verification Pipeline,kyc,ML Triage
183,1.520275811125573,1.61218976459365,5.514837208084624,6,Document Upload > OCR Extraction > Liveness Check > Compliance Screen > Manual Review > Decision & Notify,0,Fintech KYC Verification Pipeline,kyc,ML Triage
182,1.5195624707793556,1.6331709358232112,6.816507902631335,6,Document Upload > OCR Extraction > Liveness Check > Compliance Screen > Manual Review > Decision & Notify,0,Fintech KYC Verification Pipeline,kyc,ML Triage
186,1.5622039167761927,1.6400027115515248,4.6679276865199215,6,Document Upload > OCR Extraction > Liveness Check > Compliance Screen > Manual Review > Decision & Notify,0,Fintech KYC Verification Pipeline,kyc,ML Triage
188,1.5964270683135027,1.667428713949358,4.260098738151319,6,Document Upload > OCR Extraction > Liveness Check > Compliance Screen > Manual Review > Decision & Notify,0,Fintech KYC Verification Pipeline,kyc,ML Triage
189,1.59930085519017,1.6706420244447677,4.280470155275866,6,Document Upload > OCR Extraction > Liveness Check > Compliance Screen > Manual Review > Decision & Notify,0,Fintech KYC Verification Pipeline,kyc,ML Triage
190,1.6049587268742815,1.6708956271954958,3.9562140192728545,6,Document Upload > OCR Extraction > Liveness Check > Compliance Screen > Manual Review > Decision & Notify,0,Fintech KYC Verification Pipeline,kyc,ML Triage
192,1.6179671107606242,1.680313456874045,3.7407807668052495,5,Document Upload > OCR Extraction > Liveness Check > Compliance Screen > Decision & Notify,0,Fintech KYC Verification Pipeline,kyc,ML Triage
191,1.605591644392656,1.6811258297746585,4.532051122920158,6,Document Upload > OCR Extraction > Liveness Check > Compliance Screen > Manual Review > Decision & Notify,0,Fintech KYC Verification Pipeline,kyc,ML Triage
193,1.6350367861595374,1.6824424275656227,2.8443384843651165,5,Document Upload > OCR Extraction > Liveness Check > Compliance Screen > Decision & Notify,0,Fintech KYC Verification Pipeline,kyc,ML Triage
196,1.6501354208346375,1.690729727536154,2.4356584020909855,5,Document Upload > OCR Extraction > Liveness Check > Compliance Screen > Decision & Notify,0,Fintech KYC Verification Pipeline,kyc,ML Triage
194,1.6395521192406506,1.7009946928974402,3.6865544194073774,6,Document Upload > OCR Extraction > Liveness Check > Compliance Screen > Manual Review > Decision & Notify,0,Fintech KYC Verification Pipeline,kyc,ML Triage
197,1.6626207538734301,1.7018997046765778,2.3567370481888616,5,Document Upload > OCR Extraction > Liveness Check > Compliance Screen > Decision & Notify,0,Fintech KYC Verification Pipeline,kyc,ML Triage
195,1.6490583301813488,1.70531507619716,3.3754047609486726,6,Document Upload > OCR Extraction > Liveness Check > Compliance Screen > Manual Review > Decision & Notify,0,Fintech KYC Verification Pipeline,kyc,ML Triage
198,1.6787720915289195,1.739958325289062,3.6711740256085523,6,Document Upload > OCR Extraction > Liveness Check > Compliance Screen > Manual Review > Decision & Notify,0,Fintech KYC Verification Pipeline,kyc,ML Triage
201,1.7204482742754352,1.7492962946063488,1.7308812198548162,5,Document Upload > OCR Extraction > Liveness Check > Compliance Screen > Decision & Notify,0,Fintech KYC Verification Pipeline,kyc,ML Triage
199,1.71233700484884,1.7703154229060143,3.478705083430458,6,Document Upload > OCR Extraction > Liveness Check > Compliance Screen > Manual Review > Decision & Notify,0,Fintech KYC Verification Pipeline,kyc,ML Triage
203,1.7336089205516458,1.772532279217721,2.335401519964506,6,Document Upload > OCR Extraction > Liveness Check > Compliance Screen > Manual Review > Decision & Notify,0,Fintech KYC Verification Pipeline,kyc,ML Triage
202,1.7305065313899208,1.7728391404189299,2.5399565417405423,6,Document Upload > OCR Extraction > Liveness Check > Compliance Screen > Manual Review > Decision & Notify,0,Fintech KYC Verification Pipeline,kyc,ML Triage
209,1.795482326502727,1.8365473587868497,2.463901937047357,5,Document Upload > OCR Extraction > Liveness Check > Compliance Screen > Decision & Notify,0,Fintech KYC Verification Pipeline,kyc,ML Triage
211,1.8052189720394534,1.8384653533250788,1.9947828771375242,5,Document Upload > OCR Extraction > Liveness Check > Compliance Screen > Decision & Notify,0,Fintech KYC Verification Pipeline,kyc,ML Triage
204,1.745159298660833,1.8520450119609861,6.413142798009184,6,Document Upload > OCR Extraction > Liveness Check > Compliance Screen > Manual Review > Decision & Notify,0,Fintech KYC Verification Pipeline,kyc,ML Triage
205,1.7703919624210898,1.855278114677304,5.093169135372859,6,Document Upload > OCR Extraction > Liveness Check > Compliance Screen > Manual Review > Decision & Notify,0,Fintech KYC Verification Pipeline,kyc,ML Triage
213,1.8384922936367492,1.8567308908328894,1.0943158317684176,5,Document Upload > OCR Extraction > Liveness Check > Compliance Screen > Decision & Notify,0,Fintech KYC Verification Pipeline,kyc,ML Triage
200,1.7141849943168745,1.8630022197545273,8.929033526259165,6,Document Upload > OCR Extraction > Liveness Check > Compliance Screen > Manual Review > Decision & Notify,0,Fintech KYC Verification Pipeline,kyc,ML Triage
215,1.8529989253755867,1.8675982708919583,0.8759607309822925,5,Document Upload > OCR Extraction > Liveness Check > Compliance Screen > Decision & Notify,0,Fintech KYC Verification Pipeline,kyc,ML Triage
208,1.7908728108246583,1.8879022575630942,5.82176680430615,6,Document Upload > OCR Extraction > Liveness Check > Compliance Screen > Manual Review > Decision & Notify,0,Fintech KYC Verification Pipeline,kyc,ML Triage
210,1.7990318173718083,1.8879525846351712,5.335246035801777,6,Document Upload > OCR Extraction > Liveness Check > Compliance Screen > Manual Review > Decision & Notify,0,Fintech KYC Verification Pipeline,kyc,ML Triage
207,1.7855253828573794,1.8936702372109473,6.488691261214075,6,Document Upload > OCR Extraction > Liveness Check > Compliance Screen > Manual Review > Decision & Notify,0,Fintech KYC Verification Pipeline,kyc,ML Triage
206,1.7794677046900904,1.8951428970134763,6.940511539403151,6,Document Upload > OCR Extraction > Liveness Check > Compliance Screen > Manual Review > Decision & Notify,0,Fintech KYC Verification Pipeline,kyc,ML Triage
216,1.8705164585510596,1.910030215031059,2.3708253887999664,5,Document Upload > OCR Extraction > Liveness Check > Compliance Screen > Decision & Notify,0,Fintech KYC Verification Pipeline,kyc,ML Triage
212,1.81683406750454,1.925416358548322,6.514937462626915,6,Document Upload > OCR Extraction > Liveness Check > Compliance Screen > Manual Review > Decision & Notify,0,Fintech KYC Verification Pipeline,kyc,ML Triage
214,1.840086582490256,1.9262429900315503,5.169384452477663,6,Document Upload > OCR Extraction > Liveness Check > Compliance Screen > Manual Review > Decision & Notify,0,Fintech KYC Verification Pipeline,kyc,ML Triage
217,1.8726951081792065,1.9272247954586383,3.2717812367659116,5,Document Upload > OCR Extraction > Liveness Check > Compliance Screen > Decision & Notify,0,Fintech KYC Verification Pipeline,kyc,ML Triage
219,1.886792618786498,1.9311413841633347,2.660925922610198,5,Document Upload > OCR Extraction > Liveness Check > Compliance Screen > Decision & Notify,0,Fintech KYC Verification Pipeline,kyc,ML Triage
220,1.9045849865892444,1.9387132709638029,2.0476970624735102,5,Document Upload > OCR Extraction > Liveness Check > Compliance Screen > Decision & Notify,0,Fintech KYC Verification Pipeline,kyc,ML Triage
223,1.9281586471029426,1.9630370436410036,2.092703792283661,5,Document Upload > OCR Extraction > Liveness Check > Compliance Screen > Decision & Notify,0,Fintech KYC Verification Pipeline,kyc,ML Triage
221,1.9180941188607663,1.9653577073964301,2.835815312139829,6,Document Upload > OCR Extraction > Liveness Check > Compliance Screen > Manual Review > Decision & Notify,0,Fintech KYC Verification Pipeline,kyc,ML Triage
218,1.875196969627404,1.9693984171575845,5.652086851810827,6,Document Upload > OCR Extraction > Liveness Check > Compliance Screen > Manual Review > Decision & Notify,0,Fintech KYC Verification Pipeline,kyc,ML Triage
226,1.9660503897033872,1.9839218080372567,1.072285100032171,5,Document Upload > OCR Extraction > Liveness Check > Compliance Screen > Decision & Notify,0,Fintech KYC Verification Pipeline,kyc,ML Triage
227,1.9692380225938058,1.9853522678485356,0.9668547152837892,5,Document Upload > OCR Extraction > Liveness Check > Compliance Screen > Decision & Notify,0,Fintech KYC Verification Pipeline,kyc,ML Triage
228,1.9715425652672103,1.9922365471976826,1.2416389158283403,5,Document Upload > OCR Extraction > Liveness Check > Compliance Screen > Decision & Notify,0,Fintech KYC Verification Pipeline,kyc,ML Triage
222,1.9190544513298606,1.995544807471678,4.589421368509039,6,Document Upload > OCR Extraction > Liveness Check > Compliance Screen > Manual Review > Decision & Notify,0,Fintech KYC Verification Pipeline,kyc,ML Triage
225,1.9497316023317517,2.0033570519106174,3.2175269747319435,6,Document Upload > OCR Extraction > Liveness Check > Compliance Screen > Manual Review > Decision & Notify,0,Fintech KYC Verification Pipeline,kyc,ML Triage
224,1.9447748891169263,2.015808251005004,4.262001713284671,6,Document Upload > OCR Extraction > Liveness Check > Compliance Screen > Manual Review > Decision & Notify,0,Fintech KYC Verification Pipeline,kyc,ML Triage
229,1.980973293285814,2.025381469041781,2.6644905453580137,6,Document Upload > OCR Extraction > Liveness Check > Compliance Screen > Manual Review > Decision & Notify,0,Fintech KYC Verification Pipeline,kyc,ML Triage
233,1.9894597814028407,2.0312796670041413,2.509193136078034,5,Document Upload > OCR Extraction > Liveness Check > Compliance Screen > Decision & Notify,0,Fintech KYC Verification Pipeline,kyc,ML Triage
230,1.9817819011460938,2.0357957416363437,3.240830429414996,6,Document Upload > OCR Extraction > Liveness Check > Compliance Screen > Manual Review > Decision & Notify,0,Fintech KYC Verification Pipeline,kyc,ML Triage
231,1.9863525708495733,2.0572466071228046,4.253642176393879,6,Document Upload > OCR Extraction > Liveness Check > Compliance Screen > Manual Review > Decision & Notify,0,Fintech KYC Verification Pipeline,kyc,ML Triage
238,2.029416398774972,2.06297980886703,2.013804605523486,5,Document Upload > OCR Extraction > Liveness Check > Compliance Screen > Decision & Notify,0,Fintech KYC Verification Pipeline,kyc,ML Triage
232,1.9866424030405647,2.064184660434833,4.652535443656101,6,Document Upload > OCR Extraction > Liveness Check > Compliance Screen > Manual Review > Decision & Notify,0,Fintech KYC Verification Pipeline,kyc,ML Triage
235,1.9993774223348693,2.0652788749953443,3.9540871596285054,6,Document Upload > OCR Extraction > Liveness Check > Compliance Screen > Manual Review > Decision & Notify,0,Fintech KYC Verification Pipeline,kyc,ML Triage
234,1.99222559553583,2.0694584793208164,4.63397302709919,6,Document Upload > OCR Extraction > Liveness Check > Compliance Screen > Manual Review > Decision & Notify,0,Fintech KYC Verification Pipeline,kyc,ML Triage
239,2.0307780499020565,2.07113053393042,2.4211490417018133,5,Document Upload > OCR Extraction > Liveness Check > Compliance Screen > Decision & Notify,0,Fintech KYC Verification Pipeline,kyc,ML Triage
240,2.045325915129616,2.085199520442494,2.392416318772659,5,Document Upload > OCR Extraction > Liveness Check > Compliance Screen > Decision & Notify,0,Fintech KYC Verification Pipeline,kyc,ML Triage
243,2.065791694150796,2.0864853691519016,1.241620500066345,5,Document Upload > OCR Extraction > Liveness Check > Compliance Screen > Decision & Notify,0,Fintech KYC Verification Pipeline,kyc,ML Triage
236,2.0147858163040966,2.086826374603237,4.322433497948435,6,Document Upload > OCR Extraction > Liveness Check > Compliance Screen > Manual Review > Decision & Notify,0,Fintech KYC Verification Pipeline,kyc,ML Triage
237,2.0242221368202777,2.099622357810014,4.524013259384185,6,Document Upload > OCR Extraction > Liveness Check > Compliance Screen > Manual Review > Decision & Notify,0,Fintech KYC Verification Pipeline,kyc,ML Triage
241,2.0585451494491522,2.1160125163382593,3.448042013346422,6,Document Upload > OCR Extraction > Liveness Check > Compliance Screen > Manual Review > Decision & Notify,0,Fintech KYC Verification Pipeline,kyc,ML Triage
242,2.0605932035785415,2.144341536069406,5.024899949451873,6,Document Upload > OCR Extraction > Liveness Check > Compliance Screen > Manual Review > Decision & Notify,0,Fintech KYC Verification Pipeline,kyc,ML Triage
244,2.0661807571021362,2.1491834703700725,4.980162796076177,6,Document Upload > OCR Extraction > Liveness Check > Compliance Screen > Manual Review > Decision & Notify,0,Fintech KYC Verification Pipeline,kyc,ML Triage
246,2.0717357984710345,2.150568846707252,4.729982894173057,5,Document Upload > OCR Extraction > Liveness Check > Compliance Screen > Decision & Notify,0,Fintech KYC Verification Pipeline,kyc,ML Triage
245,2.067067486532413,2.155250458667721,5.290978328118481,6,Document Upload > OCR Extraction > Liveness Check > Compliance Screen > Manual Review > Decision & Notify,0,Fintech KYC Verification Pipeline,kyc,ML Triage
247,2.081326257584693,2.155946162784089,4.477194311963766,5,Document Upload > OCR Extraction > Liveness Check > Compliance Screen > Decision & Notify,0,Fintech KYC Verification Pipeline,kyc,ML Triage
249,2.086028994430765,2.186599441970721,6.034226852397362,6,Document Upload > OCR Extraction > Liveness Check > Compliance Screen > Manual Review > Decision & Notify,0,Fintech KYC Verification Pipeline,kyc,ML Triage
248,2.0847149505365383,2.1955694974423037,6.651272814345921,6,Document Upload > OCR Extraction > Liveness Check > Compliance Screen > Manual Review > Decision & Notify,0,Fintech KYC Verification Pipeline,kyc,ML Triage
150,1.4759251973396352,1.9755957527915577,29.98023332711535,6,Order Batching > Pick List Gen > Picking > Quality Check > Packing > Dispatch,0,Warehouse Pick-and-Pack,warehouse,Current State
153,1.4898889178699195,1.9807939955484406,29.454304660711266,6,Order Batching > Pick List Gen > Picking > Quality Check > Packing > Dispatch,0,Warehouse Pick-and-Pack,warehouse,Current State
152,1.4886858548765767,1.9839404288861444,29.715274440574063,6,Order Batching > Pick List Gen > Picking > Quality Check > Packing > Dispatch,0,Warehouse Pick-and-Pack,warehouse,Current State
154,1.4973483304825614,1.9922065676797376,29.691494231830568,6,Order Batching > Pick List Gen > Picking > Quality Check > Packing > Dispatch,0,Warehouse Pick-and-Pack,warehouse,Current State
160,1.5511452296128818,2.0556621170125684,30.271013243981194,6,Order Batching > Pick List Gen > Picking > Quality Check > Packing > Dispatch,0,Warehouse Pick-and-Pack,warehouse,Current State
155,1.5102545980146813,2.060583935549902,33.01976025211323,6,Order Batching > Pick List Gen > Picking > Quality Check > Packing > Dispatch,0,Warehouse Pick-and-Pack,warehouse,Current State
157,1.5292558797335687,2.0612817741994482,31.92155366795277,6,Order Batching > Pick List Gen > Picking > Quality Check > Packing > Dispatch,0,Warehouse Pick-and-Pack,warehouse,Current State
151,1.4836547123819872,2.088531006181812,36.292577627989495,6,Order Batching > Pick List Gen > Picking > Quality Check > Packing > Dispatch,0,Warehouse Pick-and-Pack,warehouse,Current State
158,1.5327431776403648,2.094794286140373,33.72306651000049,6,Order Batching > Pick List Gen > Picking > Quality Check > Packing > Dispatch,0,Warehouse Pick-and-Pack,warehouse,Current State
161,1.5573108979371273,2.1010195596094916,32.62251970034186,6,Order Batching > Pick List Gen > Picking > Quality Check > Packing > Dispatch,0,Warehouse Pick-and-Pack,warehouse,Current State
159,1.5488391148962402,2.1131223342006598,33.856993158265176,6,Order Batching > Pick List Gen > Picking > Quality Check > Packing > Dispatch,0,Warehouse Pick-and-Pack,warehouse,Current State
164,1.5817427680995755,2.124672712309847,32.57579665261629,6,Order Batching > Pick List Gen > Picking > Quality Check > Packing > Dispatch,0,Warehouse Pick-and-Pack,warehouse,Current State
165,1.5836191133258894,2.13360477178309,32.99913950743203,6,Order Batching > Pick List Gen > Picking > Quality Check > Packing > Dispatch,0,Warehouse Pick-and-Pack,warehouse,Current State
156,1.5263940493648058,2.139895020553659,36.81005827133119,6,Order Batching > Pick List Gen > Picking > Quality Check > Packing > Dispatch,0,Warehouse Pick-and-Pack,warehouse,Current State
167,1.5993193709057811,2.145854239088315,32.792092090952025,6,Order Batching > Pick List Gen > Picking > Quality Check > Packing > Dispatch,0,Warehouse Pick-and-Pack,warehouse,Current State
162,1.567652215085985,2.149580645450985,34.91570582189999,6,Order Batching > Pick List Gen > Picking > Quality Check > Packing > Dispatch,0,Warehouse Pick-and-Pack,warehouse,Current State
172,1.6666175153359255,2.199339180284094,31.963299896890113,6,Order Batching > Pick List Gen > Picking > Quality Check > Packing > Dispatch,0,Warehouse Pick-and-Pack,warehouse,Current State
166,1.583943833659984,2.204088567414918,37.20868402529605,6,Order Batching > Pick List Gen > Picking > Quality Check > Packing > Dispatch,0,Warehouse Pick-and-Pack,warehouse,Current State
168,1.6047153469041373,2.208259833570674,36.21266919999219,6,Order Batching > Pick List Gen > Picking > Quality Check > Packing > Dispatch,0,Warehouse Pick-and-Pack,warehouse,Current State
169,1.6167216028112357,2.2148411253148415,35.88717135021635,6,Order Batching > Pick List Gen > Picking > Quality Check > Packing > Dispatch,0,Warehouse Pick-and-Pack,warehouse,Current State
163,1.5807563047163873,2.2155166268670454,38.08561932903949,6,Order Batching > Pick List Gen > Picking > Quality Check > Packing > Dispatch,0,Warehouse Pick-and-Pack,warehouse,Current State
171,1.6377158302625892,2.2705506164236557,37.970087169664,6,Order Batching > Pick List Gen > Picking > Quality Check > Packing > Dispatch,0,Warehouse Pick-and-Pack,warehouse,Current State
174,1.6789122445086262,2.2741080641925535,35.71174918103564,6,Order Batching > Pick List Gen > Picking > Quality Check > Packing > Dispatch,0,Warehouse Pick-and-Pack,warehouse,Current State
175,1.6802894610782144,2.274579310105809,35.657390941655684,6,Order Batching > Pick List Gen > Picking > Quality Check > Packing > Dispatch,0,Warehouse Pick-and-Pack,warehouse,Current State
173,1.6682827913214042,2.281537681053636,36.795293383933895,6,Order Batching > Pick List Gen > Picking > Quality Check > Packing > Dispatch,0,Warehouse Pick-and-Pack,warehouse,Current State
176,1.6821141609555257,2.2879275010225406,36.34880040402089,6,Order Batching > Pick List Gen > Picking > Quality Check > Packing > Dispatch,0,Warehouse Pick-and-Pack,warehouse,Current State
177,1.7035681963992666,2.2886482339419043,35.104802252558265,6,Order Batching > Pick List Gen > Picking > Quality Check > Packing > Dispatch,0,Warehouse Pick-and-Pack,warehouse,Current State
170,1.628430825989627,2.2912874191187953,39.7713955877501,6,Order Batching > Pick List Gen > Picking > Quality Check > Packing > Dispatch,0,Warehouse Pick-and-Pack,warehouse,Current State
181,1.7139501502436674,2.291455176025719,34.65030154692309,6,Order Batching > Pick List Gen > Picking > Quality Check > Packing > Dispatch,0,Warehouse Pick-and-Pack,warehouse,Current State
185,1.772354284919787,2.310514017944972,32.2895839815111,6,Order Batching > Pick List Gen > Picking > Quality Check > Packing > Dispatch,0,Warehouse Pick-and-Pack,warehouse,Current State
180,1.7129636333188722,2.31484347911455,36.11279074774067,6,Order Batching > Pick List Gen > Picking > Quality Check > Packing > Dispatch,0,Warehouse Pick-and-Pack,warehouse,Current State
178,1.707234983203404,2.3199382641854154,36.76219685892069,6,Order Batching > Pick List Gen > Picking > Quality Check > Packing > Dispatch,0,Warehouse Pick-and-Pack,warehouse,Current State
184,1.7430694786912377,2.3232109489423753,34.80848821506826,6,Order Batching > Pick List Gen > Picking > Quality Check > Packing > Dispatch,0,Warehouse Pick-and-Pack,warehouse,Current State
182,1.7164031267281274,2.3362662446246962,37.191787073794124,6,Order Batching > Pick List Gen > Picking > Quality Check > Packing > Dispatch,0,Warehouse Pick-and-Pack,warehouse,Current State
183,1.7250747006987337,2.3388816814527877,36.82841884524324,6,Order Batching > Pick List Gen > Picking > Quality Check > Packing > Dispatch,0,Warehouse Pick-and-Pack,warehouse,Current State
179,1.709068955986533,2.343838394667613,38.086166320864805,6,Order Batching > Pick List Gen > Picking > Quality Check > Packing > Dispatch,0,Warehouse Pick-and-Pack,warehouse,Current State
186,1.7813308241981354,2.3553217233802086,34.439453950924396,6,Order Batching > Pick List Gen > Picking > Quality Check > Packing > Dispatch,0,Warehouse Pick-and-Pack,warehouse,Current State
188,1.792167450843996,2.37846420937336,35.177805511761846,6,Order Batching > Pick List Gen > Picking > Quality Check > Packing > Dispatch,0,Warehouse Pick-and-Pack,warehouse,Current State
191,1.7975937553118495,2.37927281723364,34.90074371530744,6,Order Batching > Pick List Gen > Picking > Quality Check > Packing > Dispatch,0,Warehouse Pick-and-Pack,warehouse,Current State
192,1.8180445312773847,2.3988823689478873,34.850270260230154,6,Order Batching > Pick List Gen > Picking > Quality Check > Packing > Dispatch,0,Warehouse Pick-and-Pack,warehouse,Current State
190,1.7950765962820119,2.40581032116693,36.6440234930951,6,Order Batching > Pick List Gen > Picking > Quality Check > Packing > Dispatch,0,Warehouse Pick-and-Pack,warehouse,Current State
196,1.8430102305537779,2.4188009485449182,34.54744307946842,6,Order Batching > Pick List Gen > Picking > Quality Check > Packing > Dispatch,0,Warehouse Pick-and-Pack,warehouse,Current State
193,1.8232035721801627,2.4195518149986572,35.78089456910967,6,Order Batching > Pick List Gen > Picking > Quality Check > Packing > Dispatch,0,Warehouse Pick-and-Pack,warehouse,Current State
194,1.8254905669415211,2.4245548895747726,35.94385935799509,6,Order Batching > Pick List Gen > Picking > Quality Check > Packing > Dispatch,0,Warehouse Pick-and-Pack,warehouse,Current State
195,1.8279152232992828,2.44377295712986,36.951464029834625,6,Order Batching > Pick List Gen > Picking > Quality Check > Packing > Dispatch,0,Warehouse Pick-and-Pack,warehouse,Current State
197,1.8618983271564173,2.44631937267457,35.06526273108915,6,Order Batching > Pick List Gen > Picking > Quality Check > Packing > Dispatch,0,Warehouse Pick-and-Pack,warehouse,Current State
187,1.7898123983396952,2.4608516831579297,40.26235708909407,6,Order Batching > Pick List Gen > Picking > Quality Check > Packing > Dispatch,0,Warehouse Pick-and-Pack,warehouse,Current State
198,1.8733783161647555,2.4638753556672466,35.429822370149466,6,Order Batching > Pick List Gen > Picking > Quality Check > Packing > Dispatch,0,Warehouse Pick-and-Pack,warehouse,Current State
189,1.7927591810808245,2.4828713050732145,41.406727439543396,6,Order Batching > Pick List Gen > Picking > Quality Check > Packing > Dispatch,0,Warehouse Pick-and-Pack,warehouse,Current State
200,1.882334901934165,2.484121538182905,36.10719817492439,6,Order Batching > Pick List Gen > Picking > Quality Check > Packing > Dispatch,0,Warehouse Pick-and-Pack,warehouse,Current State
199,1.8771055229411782,2.4891992396853393,36.72562300464967,6,Order Batching > Pick List Gen > Picking > Quality Check > Packing > Dispatch,0,Warehouse Pick-and-Pack,warehouse,Current State
201,1.8872478157424923,2.489435424217706,36.13125650851283,6,Order Batching > Pick List Gen > Picking > Quality Check > Packing > Dispatch,0,Warehouse Pick-and-Pack,warehouse,Current State
203,1.9132091179468822,2.5304518858603933,37.03456607481066,6,Order Batching > Pick List Gen > Picking > Quality Check > Packing > Dispatch,0,Warehouse Pick-and-Pack,warehouse,Current State
206,1.9774255707452935,2.541690751126358,33.855910822863876,6,Order Batching > Pick List Gen > Picking > Quality Check > Packing > Dispatch,0,Warehouse Pick-and-Pack,warehouse,Current State
205,1.9688243181951834,2.548992885915714,34.81011406323182,6,Order Batching > Pick List Gen > Picking > Quality Check > Packing > Dispatch,0,Warehouse Pick-and-Pack,warehouse,Current State
209,2.0124604259643846,2.5600396094392286,32.85475100849064,6,Order Batching > Pick List Gen > Picking > Quality Check > Packing > Dispatch,0,Warehouse Pick-and-Pack,warehouse,Current State
204,1.9439174308507292,2.561060020039464,37.0285553513241,6,Order Batching > Pick List Gen > Picking > Quality Check > Packing > Dispatch,0,Warehouse Pick-and-Pack,warehouse,Current State
210,2.0141128446558136,2.562030284059771,32.875046364237434,6,Order Batching > Pick List Gen > Picking > Quality Check > Packing > Dispatch,0,Warehouse Pick-and-Pack,warehouse,Current State
202,1.900477803635161,2.5937109808098597,41.59399063048192,6,Order Batching > Pick List Gen > Picking > Quality Check > Packing > Dispatch,0,Warehouse Pick-and-Pack,warehouse,Current State
208,2.003499169159618,2.6007945109562782,35.83772050779962,6,Order Batching > Pick List Gen > Picking > Quality Check > Packing > Dispatch,0,Warehouse Pick-and-Pack,warehouse,Current State
207,1.988701374890023,2.629967260019942,38.47595310779515,6,Order Batching > Pick List Gen > Picking > Quality Check > Packing > Dispatch,0,Warehouse Pick-and-Pack,warehouse,Current State
211,2.0256048861420908,2.6322757930472993,36.40025441431251,6,Order Batching > Pick List Gen > Picking > Quality Check > Packing > Dispatch,0,Warehouse Pick-and-Pack,warehouse,Current State
213,2.030189725412231,2.637709671743265,36.45119677986203,6,Order Batching > Pick List Gen > Picking > Quality Check > Packing > Dispatch,0,Warehouse Pick-and-Pack,warehouse,Current State
212,2.029024840571523,2.6382719983508083,36.554829466757106,6,Order Batching > Pick List Gen > Picking > Quality Check > Packing > Dispatch,0,Warehouse Pick-and-Pack,warehouse,Current State
215,2.048425145250527,2.6704541717031214,37.32174158715566,6,Order Batching > Pick List Gen > Picking > Quality Check > Packing > Dispatch,0,Warehouse Pick-and-Pack,warehouse,Current State
216,2.0636399298735837,2.685026897007559,37.28321802803852,6,Order Batching > Pick List Gen > Picking > Quality Check > Packing > Dispatch,0,Warehouse Pick-and-Pack,warehouse,Current State
214,2.032554133114478,2.705047990064039,40.34963141697368,6,Order Batching > Pick List Gen > Picking > Quality Check > Packing > Dispatch,0,Warehouse Pick-and-Pack,warehouse,Current State
217,2.0728910258527704,2.7106378132028097,38.26480724100236,6,Order Batching > Pick List Gen > Picking > Quality Check > Packing > Dispatch,0,Warehouse Pick-and-Pack,warehouse,Current State
222,2.1024905780062846,2.7136542975357836,36.66982317176994,6,Order Batching > Pick List Gen > Picking > Quality Check > Packing > Dispatch,0,Warehouse Pick-and-Pack,warehouse,Current State
219,2.074267971292564,2.7539420566124178,40.78044511919123,6,Order Batching > Pick List Gen > Picking > Quality Check > Packing > Dispatch,0,Warehouse Pick-and-Pack,warehouse,Current State
224,2.120812768616619,2.7631187449432226,38.538358579596206,6,Order Batching > Pick List Gen > Picking > Quality Check > Packing > Dispatch,0,Warehouse Pick-and-Pack,warehouse,Current State
220,2.0747997495770556,2.769197015630807,41.66383596322508,6,Order Batching > Pick List Gen > Picking > Quality Check > Packing > Dispatch,0,Warehouse Pick-and-Pack,warehouse,Current State
218,2.0733897030121846,2.7770487284374,42.219541525512916,6,Order Batching > Pick List Gen > Picking > Quality Check > Packing > Dispatch,0,Warehouse Pick-and-Pack,warehouse,Current State
227,2.163262307633264,2.779771091131103,36.99052700987032,6,Order Batching > Pick List Gen > Picking > Quality Check > Packing > Dispatch,0,Warehouse Pick-and-Pack,warehouse,Current State
223,2.1170609190851795,2.8158778977156973,41.92901871783107,6,Order Batching > Pick List Gen > Picking > Quality Check > Packing > Dispatch,0,Warehouse Pick-and-Pack,warehouse,Current State
229,2.167830066688887,2.817898490432388,39.004105424610074,6,Order Batching > Pick List Gen > Picking > Quality Check > Packing > Dispatch,0,Warehouse Pick-and-Pack,warehouse,Current State
226,2.151431796159394,2.8353875123304166,41.037342970261356,6,Order Batching > Pick List Gen > Picking > Quality Check > Packing > Dispatch,0,Warehouse Pick-and-Pack,warehouse,Current State
232,2.2011868420617953,2.841422943881442,38.41416610917881,6,Order Batching > Pick List Gen > Picking > Quality Check > Packing > Dispatch,0,Warehouse Pick-and-Pack,warehouse,Current State
221,2.0943116664826884,2.8416550876574833,44.84060527048769,6,Order Batching > Pick List Gen > Picking > Quality Check > Packing > Dispatch,0,Warehouse Pick-and-Pack,warehouse,Current State
230,2.1774097109319133,2.8462353505854514,40.12953837921229,6,Order Batching > Pick List Gen > Picking > Quality Check > Packing > Dispatch,0,Warehouse Pick-and-Pack,warehouse,Current State
225,2.124918768073083,2.8524750652428237,43.65337783018444,6,Order Batching > Pick List Gen > Picking > Quality Check > Packing > Dispatch,0,Warehouse Pick-and-Pack,warehouse,Current State
231,2.183890212716977,2.854950454269466,40.26361449314936,6,Order Batching > Pick List Gen > Picking > Quality Check > Packing > Dispatch,0,Warehouse Pick-and-Pack,warehouse,Current State
228,2.1639983423104168,2.8595995022414256,41.73606959586053,6,Order Batching > Pick List Gen > Picking > Quality Check > Packing > Dispatch,0,Warehouse Pick-and-Pack,warehouse,Current State
236,2.248461765804401,2.8625788683207403,36.847026150980355,6,Order Batching > Pick List Gen > Picking > Quality Check > Packing > Dispatch,0,Warehouse Pick-and-Pack,warehouse,Current State
233,2.203014310952485,2.868597539901216,39.93499373692386,6,Order Batching > Pick List Gen > Picking > Quality Check > Packing > Dispatch,0,Warehouse Pick-and-Pack,warehouse,Current State
242,2.301474758991918,2.8951166561154493,35.61851382741188,6,Order Batching > Pick List Gen > Picking > Quality Check > Packing > Dispatch,0,Warehouse Pick-and-Pack,warehouse,Current State
237,2.2694828056149685,2.898167914704922,37.721106545397205,6,Order Batching > Pick List Gen > Picking > Quality Check > Packing > Dispatch,0,Warehouse Pick-and-Pack,warehouse,Current State
235,2.235584722156048,2.9036430192842717,40.08349782769342,6,Order Batching > Pick List Gen > Picking > Quality Check > Packing > Dispatch,0,Warehouse Pick-and-Pack,warehouse,Current State
234,2.229004182311136,2.9063528977221407,40.64092292466027,6,Order Batching > Pick List Gen > Picking > Quality Check > Packing > Dispatch,0,Warehouse Pick-and-Pack,warehouse,Current State
240,2.2975946023212566,2.910878466564986,36.79703185462377,6,Order Batching > Pick List Gen > Picking > Quality Check > Packing > Dispatch,0,Warehouse Pick-and-Pack,warehouse,Current State
238,2.272097185168745,2.9178548670239555,38.74546091131264,6,Order Batching > Pick List Gen > Picking > Quality Check > Packing > Dispatch,0,Warehouse Pick-and-Pack,warehouse,Current State
241,2.298939624160094,2.9412677194428896,38.539685716967725,6,Order Batching > Pick List Gen > Picking > Quality Check > Packing > Dispatch,0,Warehouse Pick-and-Pack,warehouse,Current State
243,2.335206327064657,2.9581923598510182,37.37916196718167,6,Order Batching > Pick List Gen > Picking > Quality Check > Packing > Dispatch,0,Warehouse Pick-and-Pack,warehouse,Current State
239,2.2917039631111407,2.961769763484351,40.20394802239263,6,Order Batching > Pick List Gen > Picking > Quality Check > Packing > Dispatch,0,Warehouse Pick-and-Pack,warehouse,Current State
245,2.3560408109913262,2.9905811218669647,38.0724186525383,6,Order Batching > Pick List Gen > Picking > Quality Check > Packing > Dispatch,0,Warehouse Pick-and-Pack,warehouse,Current State
244,2.3505692528523245,3.004752842887777,39.25101540212716,6,Order Batching > Pick List Gen > Picking > Quality Check > Packing > Dispatch,0,Warehouse Pick-and-Pack,warehouse,Current State
248,2.363410615519255,3.0102906128245146,38.81279983831557,6,Order Batching > Pick List Gen > Picking > Quality Check > Packing > Dispatch,0,Warehouse Pick-and-Pack,warehouse,Current State
247,2.3605963591716055,3.0150079896808744,39.26469783055613,6,Order Batching > Pick List Gen > Picking > Quality Check > Packing > Dispatch,0,Warehouse Pick-and-Pack,warehouse,Current State
246,2.357568118561567,3.025373629325222,40.068330645819294,6,Order Batching > Pick List Gen > Picking > Quality Check > Packing > Dispatch,0,Warehouse Pick-and-Pack,warehouse,Current State
250,2.3767893867051306,3.0388278490892957,39.7223077430499,6,Order Batching > Pick List Gen > Picking > Quality Check > Packing > Dispatch,0,Warehouse Pick-and-Pack,warehouse,Current State
150,1.4500919778679837,1.7033532729639311,15.195677705756845,6,Order Batching > Pick List Gen > Picking > Quality Check > Packing > Dispatch,0,Warehouse Pick-and-Pack,warehouse,Zone Picking
152,1.4728277790509514,1.7563645427387478,17.01220582126778,6,Order Batching > Pick List Gen > Picking > Quality Check > Packing > Dispatch,0,Warehouse Pick-and-Pack,warehouse,Zone Picking
155,1.4996294039309146,1.7769934832799539,16.641844760942355,6,Order Batching > Pick List Gen > Picking > Quality Check > Packing > Dispatch,0,Warehouse Pick-and-Pack,warehouse,Zone Picking
151,1.4504535185158254,1.781368321581933,19.85488818396645,6,Order Batching > Pick List Gen > Picking > Quality Check > Packing > Dispatch,0,Warehouse Pick-and-Pack,warehouse,Zone Picking
153,1.4772994109608177,1.7905797317614867,18.796819248040137,6,Order Batching > Pick List Gen > Picking > Quality Check > Packing > Dispatch,0,Warehouse Pick-and-Pack,warehouse,Zone Picking
154,1.4906804232112085,1.7976893309314248,18.420534463212977,6,Order Batching > Pick List Gen > Picking > Quality Check > Packing > Dispatch,0,Warehouse Pick-and-Pack,warehouse,Zone Picking
159,1.5235632076412016,1.8052252258648787,16.899721093420624,6,Order Batching > Pick List Gen > Picking > Quality Check > Packing > Dispatch,0,Warehouse Pick-and-Pack,warehouse,Zone Picking
162,1.5622124354292055,1.817457532767248,15.314705840282548,6,Order Batching > Pick List Gen > Picking > Quality Check > Packing > Dispatch,0,Warehouse Pick-and-Pack,warehouse,Zone Picking
158,1.5185851323353539,1.8192895979948303,18.042267939568582,6,Order Batching > Pick List Gen > Picking > Quality Check > Packing > Dispatch,0,Warehouse Pick-and-Pack,warehouse,Zone Picking
157,1.5143919314222967,1.822469141072013,18.484632578982986,6,Order Batching > Pick List Gen > Picking > Quality Check > Packing > Dispatch,0,Warehouse Pick-and-Pack,warehouse,Zone Picking
165,1.5923319955398467,1.8261962093643072,14.031852829467626,6,Order Batching > Pick List Gen > Picking > Quality Check > Packing > Dispatch,0,Warehouse Pick-and-Pack,warehouse,Zone Picking
161,1.537246104864962,1.8270883361362675,17.390533876278337,6,Order Batching > Pick List Gen > Picking > Quality Check > Packing > Dispatch,0,Warehouse Pick-and-Pack,warehouse,Zone Picking
163,1.5719214584297683,1.8478440755899794,16.55535702961267,6,Order Batching > Pick List Gen > Picking > Quality Check > Packing > Dispatch,0,Warehouse Pick-and-Pack,warehouse,Zone Picking
156,1.5089144082038768,1.8487979102527603,20.39301012293301,6,Order Batching > Pick List Gen > Picking > Quality Check > Packing > Dispatch,0,Warehouse Pick-and-Pack,warehouse,Zone Picking
168,1.6302247125233673,1.851778516639876,13.293228246990516,6,Order Batching > Pick List Gen > Picking > Quality Check > Packing > Dispatch,0,Warehouse Pick-and-Pack,warehouse,Zone Picking
166,1.5971636183353108,1.8810047175547475,17.0304659531662,6,Order Batching > Pick List Gen > Picking > Quality Check > Packing > Dispatch,0,Warehouse Pick-and-Pack,warehouse,Zone Picking
172,1.6862163318382688,1.8851698588082701,11.937211618200081,6,Order Batching > Pick List Gen > Picking > Quality Check > Packing > Dispatch,0,Warehouse Pick-and-Pack,warehouse,Zone Picking
167,1.6290916721465636,1.892379862400604,15.79729141524243,6,Order Batching > Pick List Gen > Picking > Quality Check > Packing > Dispatch,0,Warehouse Pick-and-Pack,warehouse,Zone Picking
164,1.5862627342898765,1.8926761295350345,18.384803714709477,6,Order Batching > Pick List Gen > Picking > Quality Check > Packing > Dispatch,0,Warehouse Pick-and-Pack,warehouse,Zone Picking
160,1.5341926608284235,1.9021823404757328,22.079380778838555,6,Order Batching > Pick List Gen > Picking > Quality Check > Packing > Dispatch,0,Warehouse Pick-and-Pack,warehouse,Zone Picking
170,1.6604909986061853,1.916071139986127,15.3348084827965,6,Order Batching > Pick List Gen > Picking > Quality Check > Packing > Dispatch,0,Warehouse Pick-and-Pack,warehouse,Zone Picking
175,1.6983746798805137,1.9170418773533837,13.1200318483722,6,Order Batching > Pick List Gen > Picking > Quality Check > Packing > Dispatch,0,Warehouse Pick-and-Pack,warehouse,Zone Picking
173,1.6871617807415122,1.9218972504987568,14.084128185434675,6,Order Batching > Pick List Gen > Picking > Quality Check > Packing > Dispatch,0,Warehouse Pick-and-Pack,warehouse,Zone Picking
169,1.6328541964575118,1.927430332053996,17.674568135789052,6,Order Batching > Pick List Gen > Picking > Quality Check > Packing > Dispatch,0,Warehouse Pick-and-Pack,warehouse,Zone Picking
174,1.6911952945811002,1.9318040656332236,14.436526263127405,6,Order Batching > Pick List Gen > Picking > Quality Check > Packing > Dispatch,0,Warehouse Pick-and-Pack,warehouse,Zone Picking
177,1.7150799802845484,1.9529005256337546,14.26923272095237,6,Order Batching > Pick List Gen > Picking > Quality Check > Packing > Dispatch,0,Warehouse Pick-and-Pack,warehouse,Zone Picking
181,1.7550650101111709,1.9594338296667169,12.26212917333276,6,Order Batching > Pick List Gen > Picking > Quality Check > Packing > Dispatch,0,Warehouse Pick-and-Pack,warehouse,Zone Picking
179,1.7521513455412379,1.9608231762771382,12.52030984415402,6,Order Batching > Pick List Gen > Picking > Quality Check > Packing > Dispatch,0,Warehouse Pick-and-Pack,warehouse,Zone Picking
178,1.7486185377873973,1.9772575796990919,13.718342514701675,6,Order Batching > Pick List Gen > Picking > Quality Check > Packing > Dispatch,0,Warehouse Pick-and-Pack,warehouse,Zone Picking
184,1.8104638343322346,1.9858372611078974,10.522405606539769,6,Order Batching > Pick List Gen > Picking > Quality Check > Packing > Dispatch,0,Warehouse Pick-and-Pack,warehouse,Zone Picking
185,1.8144361974257899,1.9964338360463005,10.91985831723064,6,Order Batching > Pick List Gen > Picking > Quality Check > Packing > Dispatch,0,Warehouse Pick-and-Pack,warehouse,Zone Picking
182,1.7918351131753696,1.998912290300092,12.424630627483344,6,Order Batching > Pick List Gen > Picking > Quality Check > Packing > Dispatch,0,Warehouse Pick-and-Pack,warehouse,Zone Picking
183,1.8030464212705082,2.0107436139528505,12.461831560940539,6,Order Batching > Pick List Gen > Picking > Quality Check > Packing > Dispatch,0,Warehouse Pick-and-Pack,warehouse,Zone Picking
171,1.6689725727477451,2.0157999566661595,20.809643035104862,6,Order Batching > Pick List Gen > Picking > Quality Check > Packing > Dispatch,0,Warehouse Pick-and-Pack,warehouse,Zone Picking
180,1.753252667994275,2.0247320161394025,16.288760888707646,6,Order Batching > Pick List Gen > Picking > Quality Check > Packing > Dispatch,0,Warehouse Pick-and-Pack,warehouse,Zone Picking
186,1.834171603000777,2.049711511951712,12.932394537056094,6,Order Batching > Pick List Gen > Picking > Quality Check > Packing > Dispatch,0,Warehouse Pick-and-Pack,warehouse,Zone Picking
176,1.706640767098049,2.0511755999382126,20.672089970409818,6,Order Batching > Pick List Gen > Picking > Quality Check > Packing > Dispatch,0,Warehouse Pick-and-Pack,warehouse,Zone Picking
188,1.8743772816058333,2.0565937723379895,10.93298944392937,6,Order Batching > Pick List Gen > Picking > Quality Check > Packing > Dispatch,0,Warehouse Pick-and-Pack,warehouse,Zone Picking
190,1.9280358549945449,2.0958857517683582,10.0709938064288,6,Order Batching > Pick List Gen > Picking > Quality Check > Packing > Dispatch,0,Warehouse Pick-and-Pack,warehouse,Zone Picking
191,1.9301674795147896,2.102467043512526,10.337973839864176,6,Order Batching > Pick List Gen > Picking > Quality Check > Packing > Dispatch,0,Warehouse Pick-and-Pack,warehouse,Zone Picking
192,1.9332422081537783,2.109399140182729,10.569415921737026,6,Order Batching > Pick List Gen > Picking > Quality Check > Packing > Dispatch,0,Warehouse Pick-and-Pack,warehouse,Zone Picking
189,1.8816967426104478,2.1100746417349328,13.702673947469094,6,Order Batching > Pick List Gen > Picking > Quality Check > Packing > Dispatch,0,Warehouse Pick-and-Pack,warehouse,Zone Picking
187,1.8586735400011152,2.1313511686473827,16.360657718776054,6,Order Batching > Pick List Gen > Picking > Quality Check > Packing > Dispatch,0,Warehouse Pick-and-Pack,warehouse,Zone Picking
199,2.031678417512104,2.1442635115327136,6.755105641236581,6,Order Batching > Pick List Gen > Picking > Quality Check > Packing > Dispatch,0,Warehouse Pick-and-Pack,warehouse,Zone Picking
195,1.991574118901454,2.1545022359953574,9.775687025634205,6,Order Batching > Pick List Gen > Picking > Quality Check > Packing > Dispatch,0,Warehouse Pick-and-Pack,warehouse,Zone Picking
193,1.9777603732029787,2.1606924837002413,10.975926629835753,6,Order Batching > Pick List Gen > Picking > Quality Check > Packing > Dispatch,0,Warehouse Pick-and-Pack,warehouse,Zone Picking
194,1.9786386414833579,2.161163729613497,10.951505287808342,6,Order Batching > Pick List Gen > Picking > Quality Check > Packing > Dispatch,0,Warehouse Pick-and-Pack,warehouse,Zone Picking
201,2.045740847748892,2.1681221005613236,7.342875168745904,6,Order Batching > Pick List Gen > Picking > Quality Check > Packing > Dispatch,0,Warehouse Pick-and-Pack,warehouse,Zone Picking
204,2.073631505250852,2.1720388934043644,5.904443289210741,6,Order Batching > Pick List Gen > Picking > Quality Check > Packing > Dispatch,0,Warehouse Pick-and-Pack,warehouse,Zone Picking
200,2.0412691601136874,2.203671106053976,9.744116756417327,6,Order Batching > Pick List Gen > Picking > Quality Check > Packing > Dispatch,0,Warehouse Pick-and-Pack,warehouse,Zone Picking
196,1.99975303042505,2.231780746114592,13.921662941372524,6,Order Batching > Pick List Gen > Picking > Quality Check > Packing > Dispatch,0,Warehouse Pick-and-Pack,warehouse,Zone Picking
198,2.0253039138246924,2.23683232092754,12.691704426170842,6,Order Batching > Pick List Gen > Picking > Quality Check > Packing > Dispatch,0,Warehouse Pick-and-Pack,warehouse,Zone Picking
208,2.138331806551482,2.23807896002319,5.984829208302482,6,Order Batching > Pick List Gen > Picking > Quality Check > Packing > Dispatch,0,Warehouse Pick-and-Pack,warehouse,Zone Picking
203,2.0671510034657885,2.257563010896845,11.424720445863388,6,Order Batching > Pick List Gen > Picking > Quality Check > Packing > Dispatch,0,Warehouse Pick-and-Pack,warehouse,Zone Picking
197,2.0142763599344518,2.264044725094358,14.986101909594378,6,Order Batching > Pick List Gen > Picking > Quality Check > Packing > Dispatch,0,Warehouse Pick-and-Pack,warehouse,Zone Picking
205,2.0869622851139447,2.2762898099236053,11.359651488579638,6,Order Batching > Pick List Gen > Picking > Quality Check > Packing > Dispatch,0,Warehouse Pick-and-Pack,warehouse,Zone Picking
207,2.1339421956921205,2.278635023546647,8.681569671271578,6,Order Batching > Pick List Gen > Picking > Quality Check > Packing > Dispatch,0,Warehouse Pick-and-Pack,warehouse,Zone Picking
209,2.141011117217709,2.282985363510296,8.518454777555222,6,Order Batching > Pick List Gen > Picking > Quality Check > Packing > Dispatch,0,Warehouse Pick-and-Pack,warehouse,Zone Picking
202,2.057571359222762,2.2853077540185183,13.664183687745375,6,Order Batching > Pick List Gen > Picking > Quality Check > Packing > Dispatch,0,Warehouse Pick-and-Pack,warehouse,Zone Picking
212,2.1748581947528716,2.2952885216387022,7.22581961314984,6,Order Batching > Pick List Gen > Picking > Quality Check > Packing > Dispatch,0,Warehouse Pick-and-Pack,warehouse,Zone Picking
210,2.1456037462727724,2.301716009437642,9.366735789892182,6,Order Batching > Pick List Gen > Picking > Quality Check > Packing > Dispatch,0,Warehouse Pick-and-Pack,warehouse,Zone Picking
211,2.1552514168104757,2.3085114165376788,9.195599983632183,6,Order Batching > Pick List Gen > Picking > Quality Check > Packing > Dispatch,0,Warehouse Pick-and-Pack,warehouse,Zone Picking
206,2.1129521564725957,2.3174456678977546,12.269610685509535,6,Order Batching > Pick List Gen > Picking > Quality Check > Packing > Dispatch,0,Warehouse Pick-and-Pack,warehouse,Zone Picking
215,2.247930902719262,2.322016337601234,4.445126092918317,6,Order Batching > Pick List Gen > Picking > Quality Check > Packing > Dispatch,0,Warehouse Pick-and-Pack,warehouse,Zone Picking
214,2.2338964569504474,2.338642914338255,6.284787443268458,6,Order Batching > Pick List Gen > Picking > Quality Check > Packing > Dispatch,0,Warehouse Pick-and-Pack,warehouse,Zone Picking
213,2.222971422022749,2.343498063782472,7.231598505583383,6,Order Batching > Pick List Gen > Picking > Quality Check > Packing > Dispatch,0,Warehouse Pick-and-Pack,warehouse,Zone Picking
216,2.2632938285069297,2.3662627233653213,6.1781336915034935,6,Order Batching > Pick List Gen > Picking > Quality Check > Packing > Dispatch,0,Warehouse Pick-and-Pack,warehouse,Zone Picking
217,2.26643235270064,2.3748508746342654,6.505111316017533,6,Order Batching > Pick List Gen > Picking > Quality Check > Packing > Dispatch,0,Warehouse Pick-and-Pack,warehouse,Zone Picking
221,2.313189372611443,2.397285169839263,5.045747833669214,6,Order Batching > Pick List Gen > Picking > Quality Check > Packing > Dispatch,0,Warehouse Pick-and-Pack,warehouse,Zone Picking
219,2.2998106014255675,2.4282816854382276,7.70826504075961,6,Order Batching > Pick List Gen > Picking > Quality Check > Packing > Dispatch,0,Warehouse Pick-and-Pack,warehouse,Zone Picking
218,2.2720396182337854,2.452121492815219,10.804912474886006,6,Order Batching > Pick List Gen > Picking > Quality Check > Packing > Dispatch,0,Warehouse Pick-and-Pack,warehouse,Zone Picking
222,2.330603610971522,2.481283674535584,9.040803813843743,6,Order Batching > Pick List Gen > Picking > Quality Check > Packing > Dispatch,0,Warehouse Pick-and-Pack,warehouse,Zone Picking
223,2.335890391582417,2.4916874675862104,9.347824560227593,6,Order Batching > Pick List Gen > Picking > Quality Check > Packing > Dispatch,0,Warehouse Pick-and-Pack,warehouse,Zone Picking
225,2.3604288918965506,2.4974077813542874,8.21873336746421,6,Order Batching > Pick List Gen > Picking > Quality Check > Packing > Dispatch,0,Warehouse Pick-and-Pack,warehouse,Zone Picking
227,2.397622944292247,2.502293092644506,6.280208901135538,6,Order Batching > Pick List Gen > Picking > Quality Check > Packing > Dispatch,0,Warehouse Pick-and-Pack,warehouse,Zone Picking
224,2.344062746521575,2.5069072118335245,9.770667918716978,6,Order Batching > Pick List Gen > Picking > Quality Check > Packing > Dispatch,0,Warehouse Pick-and-Pack,warehouse,Zone Picking
226,2.387253178110258,2.5090328424229953,7.306779858764241,6,Order Batching > Pick List Gen > Picking > Quality Check > Packing > Dispatch,0,Warehouse Pick-and-Pack,warehouse,Zone Picking
228,2.4177124544890187,2.542951294624389,7.514330408122207,6,Order Batching > Pick List Gen > Picking > Quality Check > Packing > Dispatch,0,Warehouse Pick-and-Pack,warehouse,Zone Picking
230,2.4203362325521987,2.546526827193761,7.5714356784937475,6,Order Batching > Pick List Gen > Picking > Quality Check > Packing > Dispatch,0,Warehouse Pick-and-Pack,warehouse,Zone Picking
220,2.3123880199586577,2.57400158867873,15.696814123204348,6,Order Batching > Pick List Gen > Picking > Quality Check > Packing > Dispatch,0,Warehouse Pick-and-Pack,warehouse,Zone Picking
231,2.422065704425685,2.5967852818913046,10.48317464793719,6,Order Batching > Pick List Gen > Picking > Quality Check > Packing > Dispatch,0,Warehouse Pick-and-Pack,warehouse,Zone Picking
234,2.441040554989865,2.5994194751305018,9.502735208438216,6,Order Batching > Pick List Gen > Picking > Quality Check > Packing > Dispatch,0,Warehouse Pick-and-Pack,warehouse,Zone Picking
235,2.456533447832493,2.600335108904417,8.628099664315423,6,Order Batching > Pick List Gen > Picking > Quality Check > Packing > Dispatch,0,Warehouse Pick-and-Pack,warehouse,Zone Picking
229,2.418222135441574,2.600507837555286,10.937142126822712,6,Order Batching > Pick List Gen > Picking > Quality Check > Packing > Dispatch,0,Warehouse Pick-and-Pack,warehouse,Zone Picking
233,2.4279156525126737,2.608380269751754,10.827877034344828,6,Order Batching > Pick List Gen > Picking > Quality Check > Packing > Dispatch,0,Warehouse Pick-and-Pack,warehouse,Zone Picking
232,2.422927665512882,2.6218192525814805,11.9334952241159,6,Order Batching > Pick List Gen > Picking > Quality Check > Packing > Dispatch,0,Warehouse Pick-and-Pack,warehouse,Zone Picking
237,2.4894391358437438,2.624637984932205,8.111930945307675,6,Order Batching > Pick List Gen > Picking > Quality Check > Packing > Dispatch,0,Warehouse Pick-and-Pack,warehouse,Zone Picking
241,2.5150187779265507,2.6634997685800044,8.90885943920722,6,Order Batching > Pick List Gen > Picking > Quality Check > Packing > Dispatch,0,Warehouse Pick-and-Pack,warehouse,Zone Picking
242,2.528274846154768,2.668358856218414,8.405040603818748,6,Order Batching > Pick List Gen > Picking > Quality Check > Packing > Dispatch,0,Warehouse Pick-and-Pack,warehouse,Zone Picking
236,2.461352854103705,2.6784595813690575,13.026403635921158,6,Order Batching > Pick List Gen > Picking > Quality Check > Packing > Dispatch,0,Warehouse Pick-and-Pack,warehouse,Zone Picking
244,2.5388969956896306,2.6873511995831696,8.907252233612342,6,Order Batching > Pick List Gen > Picking > Quality Check > Packing > Dispatch,0,Warehouse Pick-and-Pack,warehouse,Zone Picking
240,2.514478470246749,2.6967244423125742,10.93475832394951,6,Order Batching > Pick List Gen > Picking > Quality Check > Packing > Dispatch,0,Warehouse Pick-and-Pack,warehouse,Zone Picking
238,2.5006680629693308,2.6971107741953295,11.786562673559926,6,Order Batching > Pick List Gen > Picking > Quality Check > Packing > Dispatch,0,Warehouse Pick-and-Pack,warehouse,Zone Picking
243,2.5387147717091665,2.7161542964273893,10.646371483093366,6,Order Batching > Pick List Gen > Picking > Quality Check > Packing > Dispatch,0,Warehouse Pick-and-Pack,warehouse,Zone Picking
246,2.5451272459451064,2.729131554229851,11.04025849708468,6,Order Batching > Pick List Gen > Picking > Quality Check > Packing > Dispatch,0,Warehouse Pick-and-Pack,warehouse,Zone Picking
249,2.5801186983449735,2.7428092466187635,9.761432896427396,6,Order Batching > Pick List Gen > Picking > Quality Check > Packing > Dispatch,0,Warehouse Pick-and-Pack,warehouse,Zone Picking
245,2.5432515933243356,2.7479784920664603,12.283613924527481,6,Order Batching > Pick List Gen > Picking > Quality Check > Packing > Dispatch,0,Warehouse Pick-and-Pack,warehouse,Zone Picking
247,2.5509566822531244,2.7485522342138333,11.855733117642533,6,Order Batching > Pick List Gen > Picking > Quality Check > Packing > Dispatch,0,Warehouse Pick-and-Pack,warehouse,Zone Picking
250,2.584151256930307,2.771705532855591,11.253256555517037,6,Order Batching > Pick List Gen > Picking > Quality Check > Packing > Dispatch,0,Warehouse Pick-and-Pack,warehouse,Zone Picking
252,2.5908056680076363,2.773330949587267,10.951516894777846,6,Order Batching > Pick List Gen > Picking > Quality Check > Packing > Dispatch,0,Warehouse Pick-and-Pack,warehouse,Zone Picking
